<?xml version="1.0" encoding="UTF-8"?>
<beans xmlns="http://www.springframework.org/schema/beans"
	xmlns:xsi="http://www.w3.org/2001/XMLSchema-instance" xmlns:jaxws="http://cxf.apache.org/jaxws"
	xsi:schemaLocation="http://www.springframework.org/schema/beans 
						http://www.springframework.org/schema/beans/spring-beans.xsd    
						http://cxf.apache.org/jaxws 
						http://cxf.apache.org/schemas/jaxws.xsd"
	xmlns:soap="http://schemas.xmlsoap.org/wsdl/soap/">
	<!-- 引入CXF的支持的文件,来源CXF的jar文件 -->
	<import resource="classpath:META-INF/cxf/cxf.xml" />
	<import resource="classpath:META-INF/cxf/cxf-extension-soap.xml" />
	<import resource="classpath:META-INF/cxf/cxf-servlet.xml" />

	<bean id="user" class="org.masque.demo.cxf.server.domain.User"></bean>
	<bean id="userServiceImpl" class="org.masque.demo.cxf.server.service.impl.TestServiceImpl"></bean>
	<bean id="outLoggingInterceptor" class="org.apache.cxf.interceptor.LoggingOutInterceptor"></bean>

	<jaxws:server id="userService"
		serviceClass="org.masque.demo.cxf.server.service.TestService" address="/Users">
		<jaxws:serviceBean>
			<ref bean="userServiceImpl" />
		</jaxws:serviceBean>

		<jaxws:outInterceptors>
			<ref bean="outLoggingInterceptor" />
		</jaxws:outInterceptors>
	</jaxws:server>
</beans>